﻿<?xml version="1.0" encoding="utf-8"?>
<!--DO NOT EDIT. This document is generated by PSoC Creator design builds.-->
<PSoCCreatorIdeExport Version="1">
  <Device Part="CY8C5888LTI-LP097" Processor="CortexM3" DeviceID="2E161069" />
  <Toolchains>
    <Toolchain Name="ARM GCC Generic" Selected="True">
      <Tool Name="prebuild" Command="" Options="" />
      <Tool Name="assembler" Command="arm-none-eabi-as.exe" Options="-mcpu=cortex-m3 -mthumb -I. -IGenerated_Source\PSoC5 -alh=${OutputDir}/${CompileFile}.lst -g -W" />
      <Tool Name="compiler" Command="arm-none-eabi-gcc.exe" Options="-mcpu=cortex-m3 -mthumb -I. -IGenerated_Source\PSoC5 -Wa,-alh=${OutputDir}/${CompileFile}.lst -g -D DEBUG -D CY_CORE_ID=0 -Wall -ffunction-sections -ffat-lto-objects -Og" />
      <Tool Name="linker" Command="arm-none-eabi-gcc.exe" Options="-mcpu=cortex-m3 -mthumb -L Generated_Source\PSoC5 -Wl,-Map,${OutputDir}/${ProjectShortName}.map -T Generated_Source\PSoC5\cm3gcc.ld -specs=nano.specs -u _printf_float -Wl,--gc-sections -lm -g -ffunction-sections -Og -ffat-lto-objects" />
      <Tool Name="postbuild" Command="" Options="" />
    </Toolchain>
    <Toolchain Name="ARM MDK Generic" Selected="False">
      <Tool Name="prebuild" Command="" Options="" />
      <Tool Name="assembler" Command="armasm.exe" Options="--cpu=Cortex-M3 --diag_style=gnu --thumb -i. -iGenerated_Source\PSoC5 -g --list=${OutputDir}/${CompileFile}.lst &quot;--predefine=__MICROLIB SETA 1&quot;" />
      <Tool Name="compiler" Command="armcc.exe" Options="--cpu=Cortex-M3 --C99 --diag_style=gnu -I. -IGenerated_Source\PSoC5 --list --signed_chars -g -D DEBUG -D CY_CORE_ID=0 -O0 --split_sections -D__MICROLIB" />
      <Tool Name="linker" Command="armlink.exe" Options="--cpu=Cortex-M3 --diag_style=gnu --no_startup --library_type=microlib --map --list ${OutputDir}/${ProjectShortName}.map --scatter Generated_Source\PSoC5\Cm3RealView.scat" />
      <Tool Name="postbuild" Command="" Options="" />
    </Toolchain>
    <Toolchain Name="ARM IAR Generic" Selected="False">
      <Tool Name="prebuild" Command="" Options="" />
      <Tool Name="assembler" Command="iasmarm.exe" Options="--cpu Cortex-M3 -I. -IGenerated_Source\PSoC5 -s+ -M&lt;&gt; -w+ -r -DDEBUG --fpu None" />
      <Tool Name="compiler" Command="iccarm.exe" Options="--cpu Cortex-M3 -I. -IGenerated_Source\PSoC5 -D DEBUG -D CY_CORE_ID=0 -I. -IGenerated_Source\PSoC5 -D DEBUG -D CY_CORE_ID=0 --no_cse --no_unroll --no_inline --no_code_motion --no_tbaa --no_clustering --no_scheduling --debug --endian=little -e --fpu=None -On --no_wrap_diagnostics" />
      <Tool Name="linker" Command="ilinkarm.exe" Options="--semihosting --entry __iar_program_start --config Generated_Source\PSoC5\Cm3Iar.icf" />
      <Tool Name="postbuild" Command="" Options="" />
    </Toolchain>
  </Toolchains>
  <Project Name="ADC MK III" Path="C:\E3PRJ3\Software\Styringsenhed\ADC\ADC MK III\ADC MK III.cydsn" Version="6.0" Type="Normal">
    <CMSIS_SVD_File>ADC MK III.svd</CMSIS_SVD_File>
    <Datasheet />
    <LinkerFiles>
      <LinkerFile Toolchain="ARM GCC Generic">.\Generated_Source\PSoC5\cm3gcc.ld</LinkerFile>
      <LinkerFile Toolchain="ARM MDK Generic">.\Generated_Source\PSoC5\Cm3RealView.scat</LinkerFile>
      <LinkerFile Toolchain="ARM IAR Generic">.\Generated_Source\PSoC5\Cm3Iar.icf</LinkerFile>
    </LinkerFiles>
    <Folders>
      <Folder BuildType="STRICT" Path="C:\E3PRJ3\Software\Styringsenhed\ADC\ADC MK III\ADC MK III.cydsn">
        <Files Root="C:\E3PRJ3\Software\Styringsenhed\ADC\ADC MK III\ADC MK III.cydsn">
          <File BuildType="BUILD" Toolchain="">main.c</File>
          <File BuildType="BUILD" Toolchain="">fft.c</File>
          <File BuildType="BUILD" Toolchain="">fir_filter1.c</File>
          <File BuildType="BUILD" Toolchain="">cyapicallbacks.h</File>
          <File BuildType="BUILD" Toolchain="">fft.h</File>
          <File BuildType="BUILD" Toolchain="">fir_filter1.h</File>
        </Files>
      </Folder>
      <Folder BuildType="STRICT" Path="C:\E3PRJ3\Software\Styringsenhed\ADC\ADC MK III\ADC MK III.cydsn\Generated_Source\PSoC5">
        <Files Root="C:\E3PRJ3\Software\Styringsenhed\ADC\ADC MK III\ADC MK III.cydsn">
          <File BuildType="BUILD" Toolchain="">Generated_Source\PSoC5\cyfitter_cfg.h</File>
          <File BuildType="BUILD" Toolchain="">Generated_Source\PSoC5\cyfitter_cfg.c</File>
          <File BuildType="BUILD" Toolchain="">Generated_Source\PSoC5\cymetadata.c</File>
          <File BuildType="BUILD" Toolchain="">Generated_Source\PSoC5\cydevice.h</File>
          <File BuildType="BUILD" Toolchain="">Generated_Source\PSoC5\cydevicegnu.inc</File>
          <File BuildType="BUILD" Toolchain="">Generated_Source\PSoC5\cydevicerv.inc</File>
          <File BuildType="BUILD" Toolchain="">Generated_Source\PSoC5\cydeviceiar.inc</File>
          <File BuildType="BUILD" Toolchain="">Generated_Source\PSoC5\cydevice_trm.h</File>
          <File BuildType="BUILD" Toolchain="">Generated_Source\PSoC5\cydevicegnu_trm.inc</File>
          <File BuildType="BUILD" Toolchain="">Generated_Source\PSoC5\cydevicerv_trm.inc</File>
          <File BuildType="BUILD" Toolchain="">Generated_Source\PSoC5\cydeviceiar_trm.inc</File>
          <File BuildType="BUILD" Toolchain="">Generated_Source\PSoC5\cyfittergnu.inc</File>
          <File BuildType="BUILD" Toolchain="">Generated_Source\PSoC5\cyfitterrv.inc</File>
          <File BuildType="BUILD" Toolchain="">Generated_Source\PSoC5\cyfitteriar.inc</File>
          <File BuildType="BUILD" Toolchain="">Generated_Source\PSoC5\cyfitter.h</File>
          <File BuildType="BUILD" Toolchain="">Generated_Source\PSoC5\cydisabledsheets.h</File>
          <File BuildType="BUILD" Toolchain="">Generated_Source\PSoC5\UART_1.c</File>
          <File BuildType="BUILD" Toolchain="">Generated_Source\PSoC5\UART_1.h</File>
          <File BuildType="BUILD" Toolchain="">Generated_Source\PSoC5\UART_1_PM.c</File>
          <File BuildType="BUILD" Toolchain="">Generated_Source\PSoC5\UART_1_INT.c</File>
          <File BuildType="BUILD" Toolchain="">Generated_Source\PSoC5\UART_1_BOOT.c</File>
          <File BuildType="BUILD" Toolchain="">Generated_Source\PSoC5\isr_uart_rx.c</File>
          <File BuildType="BUILD" Toolchain="">Generated_Source\PSoC5\isr_uart_rx.h</File>
          <File BuildType="BUILD" Toolchain="">Generated_Source\PSoC5\UART_1_IntClock.c</File>
          <File BuildType="BUILD" Toolchain="">Generated_Source\PSoC5\UART_1_IntClock.h</File>
          <File BuildType="BUILD" Toolchain="ARM GCC Generic">Generated_Source\PSoC5\cm3gcc.ld</File>
          <File BuildType="BUILD" Toolchain="ARM MDK Generic">Generated_Source\PSoC5\Cm3RealView.scat</File>
          <File BuildType="BUILD" Toolchain="">Generated_Source\PSoC5\Cm3Start.c</File>
          <File BuildType="BUILD" Toolchain="">Generated_Source\PSoC5\core_cm3.h</File>
          <File BuildType="BUILD" Toolchain="">Generated_Source\PSoC5\core_cm3_psoc5.h</File>
          <File BuildType="BUILD" Toolchain="ARM GCC Generic">Generated_Source\PSoC5\CyBootAsmGnu.s</File>
          <File BuildType="BUILD" Toolchain="ARM MDK Generic">Generated_Source\PSoC5\CyBootAsmRv.s</File>
          <File BuildType="BUILD" Toolchain="">Generated_Source\PSoC5\CyDmac.c</File>
          <File BuildType="BUILD" Toolchain="">Generated_Source\PSoC5\CyDmac.h</File>
          <File BuildType="BUILD" Toolchain="">Generated_Source\PSoC5\CyFlash.c</File>
          <File BuildType="BUILD" Toolchain="">Generated_Source\PSoC5\CyFlash.h</File>
          <File BuildType="BUILD" Toolchain="">Generated_Source\PSoC5\CyLib.c</File>
          <File BuildType="BUILD" Toolchain="">Generated_Source\PSoC5\CyLib.h</File>
          <File BuildType="BUILD" Toolchain="">Generated_Source\PSoC5\cypins.h</File>
          <File BuildType="BUILD" Toolchain="">Generated_Source\PSoC5\cyPm.c</File>
          <File BuildType="BUILD" Toolchain="">Generated_Source\PSoC5\cyPm.h</File>
          <File BuildType="BUILD" Toolchain="">Generated_Source\PSoC5\CySpc.c</File>
          <File BuildType="BUILD" Toolchain="">Generated_Source\PSoC5\CySpc.h</File>
          <File BuildType="BUILD" Toolchain="">Generated_Source\PSoC5\cytypes.h</File>
          <File BuildType="BUILD" Toolchain="">Generated_Source\PSoC5\cyutils.c</File>
          <File BuildType="BUILD" Toolchain="">Generated_Source\PSoC5\core_cmFunc.h</File>
          <File BuildType="BUILD" Toolchain="">Generated_Source\PSoC5\core_cmInstr.h</File>
          <File BuildType="BUILD" Toolchain="ARM IAR Generic">Generated_Source\PSoC5\Cm3Iar.icf</File>
          <File BuildType="BUILD" Toolchain="ARM IAR Generic">Generated_Source\PSoC5\CyBootAsmIar.s</File>
          <File BuildType="BUILD" Toolchain="">Generated_Source\PSoC5\cmsis_armcc.h</File>
          <File BuildType="BUILD" Toolchain="">Generated_Source\PSoC5\cmsis_gcc.h</File>
          <File BuildType="BUILD" Toolchain="">Generated_Source\PSoC5\cmsis_compiler.h</File>
          <File BuildType="BUILD" Toolchain="">Generated_Source\PSoC5\cy_em_eeprom.c</File>
          <File BuildType="BUILD" Toolchain="">Generated_Source\PSoC5\cy_em_eeprom.h</File>
          <File BuildType="BUILD" Toolchain="">Generated_Source\PSoC5\project.h</File>
          <File BuildType="BUILD" Toolchain="">Generated_Source\PSoC5\cycodeshareimport.ld</File>
          <File BuildType="BUILD" Toolchain="">Generated_Source\PSoC5\cycodeshareexport.ld</File>
          <File BuildType="BUILD" Toolchain="">Generated_Source\PSoC5\cycodeshareimport.scat</File>
          <File BuildType="BUILD" Toolchain="">Generated_Source\PSoC5\DMA_1_dma.c</File>
          <File BuildType="BUILD" Toolchain="">Generated_Source\PSoC5\DMA_1_dma.h</File>
          <File BuildType="BUILD" Toolchain="">Generated_Source\PSoC5\ADC_DelSig.c</File>
          <File BuildType="BUILD" Toolchain="">Generated_Source\PSoC5\ADC_DelSig.h</File>
          <File BuildType="BUILD" Toolchain="">Generated_Source\PSoC5\ADC_DelSig_PM.c</File>
          <File BuildType="BUILD" Toolchain="">Generated_Source\PSoC5\ADC_DelSig_INT.c</File>
          <File BuildType="BUILD" Toolchain="">Generated_Source\PSoC5\Floejtelyd_aliases.h</File>
          <File BuildType="BUILD" Toolchain="">Generated_Source\PSoC5\Floejtelyd.c</File>
          <File BuildType="BUILD" Toolchain="">Generated_Source\PSoC5\Floejtelyd.h</File>
          <File BuildType="BUILD" Toolchain="">Generated_Source\PSoC5\ISR_DMA_Done.c</File>
          <File BuildType="BUILD" Toolchain="">Generated_Source\PSoC5\ISR_DMA_Done.h</File>
          <File BuildType="BUILD" Toolchain="">Generated_Source\PSoC5\ADC_DelSig_Ext_CP_Clk.c</File>
          <File BuildType="BUILD" Toolchain="">Generated_Source\PSoC5\ADC_DelSig_Ext_CP_Clk.h</File>
          <File BuildType="BUILD" Toolchain="">Generated_Source\PSoC5\ADC_DelSig_Bypass_P03_aliases.h</File>
          <File BuildType="BUILD" Toolchain="">Generated_Source\PSoC5\ADC_DelSig_Bypass_P03.c</File>
          <File BuildType="BUILD" Toolchain="">Generated_Source\PSoC5\ADC_DelSig_Bypass_P03.h</File>
          <File BuildType="BUILD" Toolchain="">Generated_Source\PSoC5\ADC_DelSig_IRQ.c</File>
          <File BuildType="BUILD" Toolchain="">Generated_Source\PSoC5\ADC_DelSig_IRQ.h</File>
          <File BuildType="BUILD" Toolchain="">Generated_Source\PSoC5\ADC_DelSig_theACLK.c</File>
          <File BuildType="BUILD" Toolchain="">Generated_Source\PSoC5\ADC_DelSig_theACLK.h</File>
          <File BuildType="BUILD" Toolchain="">Generated_Source\PSoC5\ADC_EOC_aliases.h</File>
          <File BuildType="BUILD" Toolchain="">Generated_Source\PSoC5\ADC_EOC.c</File>
          <File BuildType="BUILD" Toolchain="">Generated_Source\PSoC5\ADC_EOC.h</File>
          <File BuildType="BUILD" Toolchain="">Generated_Source\PSoC5\VREF_OUT_aliases.h</File>
          <File BuildType="BUILD" Toolchain="">Generated_Source\PSoC5\VREF_OUT.c</File>
          <File BuildType="BUILD" Toolchain="">Generated_Source\PSoC5\VREF_OUT.h</File>
          <File BuildType="BUILD" Toolchain="">Generated_Source\PSoC5\Opamp_1.c</File>
          <File BuildType="BUILD" Toolchain="">Generated_Source\PSoC5\Opamp_1.h</File>
          <File BuildType="BUILD" Toolchain="">Generated_Source\PSoC5\Opamp_1_PM.c</File>
          <File BuildType="BUILD" Toolchain="">Generated_Source\PSoC5\FFT_Flag_aliases.h</File>
          <File BuildType="BUILD" Toolchain="">Generated_Source\PSoC5\FFT_Flag.c</File>
          <File BuildType="BUILD" Toolchain="">Generated_Source\PSoC5\FFT_Flag.h</File>
          <File BuildType="BUILD" Toolchain="">Generated_Source\PSoC5\Hann_Flag_aliases.h</File>
          <File BuildType="BUILD" Toolchain="">Generated_Source\PSoC5\Hann_Flag.c</File>
          <File BuildType="BUILD" Toolchain="">Generated_Source\PSoC5\Hann_Flag.h</File>
          <File BuildType="BUILD" Toolchain="">Generated_Source\PSoC5\Proc_done_test_aliases.h</File>
          <File BuildType="BUILD" Toolchain="">Generated_Source\PSoC5\Proc_done_test.c</File>
          <File BuildType="BUILD" Toolchain="">Generated_Source\PSoC5\Proc_done_test.h</File>
          <File BuildType="BUILD" Toolchain="">Generated_Source\PSoC5\SPI.c</File>
          <File BuildType="BUILD" Toolchain="">Generated_Source\PSoC5\SPI.h</File>
          <File BuildType="BUILD" Toolchain="">Generated_Source\PSoC5\SPI_PM.c</File>
          <File BuildType="BUILD" Toolchain="">Generated_Source\PSoC5\SPI_INT.c</File>
          <File BuildType="BUILD" Toolchain="">Generated_Source\PSoC5\SPI_BOOT.c</File>
          <File BuildType="BUILD" Toolchain="">Generated_Source\PSoC5\SPI_PVT.h</File>
          <File BuildType="BUILD" Toolchain="">Generated_Source\PSoC5\MISO_PIN_aliases.h</File>
          <File BuildType="BUILD" Toolchain="">Generated_Source\PSoC5\MISO_PIN.c</File>
          <File BuildType="BUILD" Toolchain="">Generated_Source\PSoC5\MISO_PIN.h</File>
          <File BuildType="BUILD" Toolchain="">Generated_Source\PSoC5\MOSI_PIN_aliases.h</File>
          <File BuildType="BUILD" Toolchain="">Generated_Source\PSoC5\MOSI_PIN.c</File>
          <File BuildType="BUILD" Toolchain="">Generated_Source\PSoC5\MOSI_PIN.h</File>
          <File BuildType="BUILD" Toolchain="">Generated_Source\PSoC5\RX_ISR.c</File>
          <File BuildType="BUILD" Toolchain="">Generated_Source\PSoC5\RX_ISR.h</File>
          <File BuildType="BUILD" Toolchain="">Generated_Source\PSoC5\SCLK_PIN_aliases.h</File>
          <File BuildType="BUILD" Toolchain="">Generated_Source\PSoC5\SCLK_PIN.c</File>
          <File BuildType="BUILD" Toolchain="">Generated_Source\PSoC5\SCLK_PIN.h</File>
          <File BuildType="BUILD" Toolchain="">Generated_Source\PSoC5\SS_PIN_aliases.h</File>
          <File BuildType="BUILD" Toolchain="">Generated_Source\PSoC5\SS_PIN.c</File>
          <File BuildType="BUILD" Toolchain="">Generated_Source\PSoC5\SS_PIN.h</File>
          <File BuildType="BUILD" Toolchain="">Generated_Source\PSoC5\SPI_IntClock.c</File>
          <File BuildType="BUILD" Toolchain="">Generated_Source\PSoC5\SPI_IntClock.h</File>
        </Files>
      </Folder>
      <Folder BuildType="STRICT" Path="C:\E3PRJ3\Software\Styringsenhed\ADC\ADC MK III\ADC MK III.cydsn\Export\ARM_GCC_Generic">
        <Files Root="C:\E3PRJ3\Software\Styringsenhed\ADC\ADC MK III\ADC MK III.cydsn">
          <File BuildType="BUILD" Toolchain="ARM GCC Generic">.\Export\ARM_GCC_Generic\CyComponentLibrary.a</File>
        </Files>
      </Folder>
      <Folder BuildType="STRICT" Path="C:\E3PRJ3\Software\Styringsenhed\ADC\ADC MK III\ADC MK III.cydsn\Export\ARM_MDK_Generic">
        <Files Root="C:\E3PRJ3\Software\Styringsenhed\ADC\ADC MK III\ADC MK III.cydsn">
          <File BuildType="BUILD" Toolchain="ARM MDK Generic">.\Export\ARM_MDK_Generic\CyComponentLibrary.a</File>
        </Files>
      </Folder>
      <Folder BuildType="STRICT" Path="C:\E3PRJ3\Software\Styringsenhed\ADC\ADC MK III\ADC MK III.cydsn\Export\ARM_IAR_Generic">
        <Files Root="C:\E3PRJ3\Software\Styringsenhed\ADC\ADC MK III\ADC MK III.cydsn">
          <File BuildType="BUILD" Toolchain="ARM IAR Generic">.\Export\ARM_IAR_Generic\CyComponentLibrary.a</File>
        </Files>
      </Folder>
      <Folder BuildType="EXCLUDE" Path=".\codegentemp">
        <Files Root="C:\E3PRJ3\Software\Styringsenhed\ADC\ADC MK III\ADC MK III.cydsn" />
      </Folder>
      <Folder BuildType="EXCLUDE" Path=".\ARM_GCC_441">
        <Files Root="C:\E3PRJ3\Software\Styringsenhed\ADC\ADC MK III\ADC MK III.cydsn" />
      </Folder>
      <Folder BuildType="EXCLUDE" Path=".\ARM_GCC_473">
        <Files Root="C:\E3PRJ3\Software\Styringsenhed\ADC\ADC MK III\ADC MK III.cydsn" />
      </Folder>
      <Folder BuildType="EXCLUDE" Path=".\DP8051_Keil_952">
        <Files Root="C:\E3PRJ3\Software\Styringsenhed\ADC\ADC MK III\ADC MK III.cydsn" />
      </Folder>
      <Folder BuildType="EXCLUDE" Path=".\DP8051">
        <Files Root="C:\E3PRJ3\Software\Styringsenhed\ADC\ADC MK III\ADC MK III.cydsn" />
      </Folder>
      <Folder BuildType="EXCLUDE" Path=".\CortexM0">
        <Files Root="C:\E3PRJ3\Software\Styringsenhed\ADC\ADC MK III\ADC MK III.cydsn" />
      </Folder>
      <Folder BuildType="EXCLUDE" Path=".\CortexM0p">
        <Files Root="C:\E3PRJ3\Software\Styringsenhed\ADC\ADC MK III\ADC MK III.cydsn" />
      </Folder>
      <Folder BuildType="EXCLUDE" Path=".\CortexM3">
        <Files Root="C:\E3PRJ3\Software\Styringsenhed\ADC\ADC MK III\ADC MK III.cydsn" />
      </Folder>
      <Folder BuildType="EXCLUDE" Path=".\CortexM4">
        <Files Root="C:\E3PRJ3\Software\Styringsenhed\ADC\ADC MK III\ADC MK III.cydsn" />
      </Folder>
      <Folder BuildType="EXCLUDE" Path=".\CortexM7">
        <Files Root="C:\E3PRJ3\Software\Styringsenhed\ADC\ADC MK III\ADC MK III.cydsn" />
      </Folder>
    </Folders>
  </Project>
</PSoCCreatorIdeExport>